{"cameraMode":{"drawMode":0,"name":"Shaded","section":"Shading Mode"},"sceneLighting":true,"audioPlay":false,"sceneViewState":{"showFog":false,"showMaterialUpdate":false,"showSkybox":false,"showFlares":false,"showImageEffects":false,"showParticleSystems":true},"in2DMode":false,"pivot":{"x":-0.9967873096466065,"y":0.04452088475227356,"z":-0.015868663787841798},"rotation":{"x":0.004798791371285915,"y":-0.9922317266464233,"z":0.04051847755908966,"w":0.11752250045537949},"size":5.251191139221191,"orthographic":false}