{"cameraMode":{"drawMode":0,"name":"Shaded","section":"Shading Mode"},"sceneLighting":true,"audioPlay":false,"sceneViewState":{"showFog":false,"showMaterialUpdate":false,"showSkybox":false,"showFlares":false,"showImageEffects":false,"showParticleSystems":true},"in2DMode":false,"pivot":{"x":-1.7368897199630738,"y":-4.38663911819458,"z":-5.5839924812316898},"rotation":{"x":-0.06452623009681702,"y":0.924686849117279,"z":-0.32825228571891787,"w":-0.18177223205566407},"size":9.006659507751465,"orthographic":false}