{"cameraMode":{"drawMode":0,"name":"Shaded","section":"Shading Mode"},"sceneLighting":true,"audioPlay":false,"sceneViewState":{"showFog":false,"showMaterialUpdate":false,"showSkybox":false,"showFlares":false,"showImageEffects":false,"showParticleSystems":true},"in2DMode":false,"pivot":{"x":0.10766768455505371,"y":-4.473637580871582,"z":-5.968517303466797},"rotation":{"x":-0.02385537140071392,"y":0.9418859481811523,"z":-0.32800793647766116,"w":-0.06850326806306839},"size":9.13008975982666,"orthographic":false}