{"cameraMode":{"drawMode":0,"name":"Shaded","section":"Shading Mode"},"sceneLighting":false,"audioPlay":false,"sceneViewState":{"showFog":false,"showMaterialUpdate":false,"showSkybox":false,"showFlares":false,"showImageEffects":false,"showParticleSystems":true},"in2DMode":false,"pivot":{"x":0.0013172179460525513,"y":0.04397529363632202,"z":0.005898326635360718},"rotation":{"x":-0.04714508727192879,"y":0.9003424048423767,"z":-0.42069026827812197,"w":-0.10089904814958573},"size":1.1169061660766602,"orthographic":false}