{"cameraMode":{"drawMode":0,"name":"Shaded","section":"Shading Mode"},"sceneLighting":true,"audioPlay":false,"sceneViewState":{"showFog":false,"showMaterialUpdate":false,"showSkybox":false,"showFlares":false,"showImageEffects":false,"showParticleSystems":true},"in2DMode":false,"pivot":{"x":1.0703492164611817,"y":-0.2723350524902344,"z":28.277925491333009},"rotation":{"x":-0.03385091945528984,"y":-0.9608724117279053,"z":0.13617639243602754,"w":-0.2388186752796173},"size":22.0,"orthographic":false}