{"cameraMode":{"drawMode":0,"name":"Shaded","section":"Shading Mode"},"sceneLighting":true,"audioPlay":false,"sceneViewState":{"showFog":false,"showMaterialUpdate":false,"showSkybox":false,"showFlares":false,"showImageEffects":false,"showParticleSystems":true},"in2DMode":false,"pivot":{"x":0.8583096265792847,"y":2.1633222103118898,"z":28.45148277282715},"rotation":{"x":0.00015580153558403254,"y":-0.9843083620071411,"z":0.1764548420906067,"w":0.0008937602979131043},"size":26.104097366333009,"orthographic":false}