{"cameraMode":{"drawMode":0,"name":"Shaded","section":"Shading Mode"},"sceneLighting":false,"audioPlay":false,"sceneViewState":{"showFog":false,"showMaterialUpdate":false,"showSkybox":false,"showFlares":false,"showImageEffects":false,"showParticleSystems":true},"in2DMode":false,"pivot":{"x":0.024581320583820344,"y":0.03490186110138893,"z":0.2219340056180954},"rotation":{"x":-0.04152660071849823,"y":0.9368174076080322,"z":-0.11925044655799866,"w":-0.3262332081794739},"size":0.5931882858276367,"orthographic":false}