{"cameraMode":{"drawMode":0,"name":"Shaded","section":"Shading Mode"},"sceneLighting":true,"audioPlay":false,"sceneViewState":{"showFog":false,"showMaterialUpdate":false,"showSkybox":false,"showFlares":false,"showImageEffects":false,"showParticleSystems":true},"in2DMode":false,"pivot":{"x":1.5656193494796754,"y":-7.117159843444824,"z":-23.562549591064454},"rotation":{"x":0.00020377647888381034,"y":-0.9733502864837647,"z":0.22932161390781403,"w":0.0008841537637636066},"size":99.19307708740235,"orthographic":false}