{"cameraMode":{"drawMode":0,"name":"Shaded","section":"Shading Mode"},"sceneLighting":true,"audioPlay":false,"sceneViewState":{"showFog":false,"showMaterialUpdate":false,"showSkybox":false,"showFlares":false,"showImageEffects":false,"showParticleSystems":true},"in2DMode":false,"pivot":{"x":-2.519387722015381,"y":-21.64604949951172,"z":-16.93233871459961},"rotation":{"x":0.005493237636983395,"y":-0.9382621645927429,"z":0.34555914998054507,"w":0.014927816577255726},"size":45.75495147705078,"orthographic":false}